Owner	0	OVERSIGHT
General Manager	0	OVERSIGHT
Director	0	OVERSIGHT
Chief	0	OVERSIGHT
founder	0	OVERSIGHT
partner	0	OVERSIGHT
Account Manager	0	CLIENT SUCCESS
Marketing	4569	MARKETING
Sales	3359	SALES
Operations	1104	OPERATIONS
Finance	1088	ACCOUNTING
Business Development	897	SALES
Communications	837	BUSINESS
Planning	831	BUSINESS
R&D	800	TECHNOLOGY
HR	752	HR
Media	649	MARKETING
Design	639	MARKETING
Events	628	MARKETING
Training	603	HR
Service	601	CLIENT SUCCESS
Strategy	572	BUSINESS
Research	546	TECHNOLOGY
Safety	519	OPERATIONS
Financial	495	ACCOUNTING
Web	469	TECHNOLOGY
Scientist 0 TECHNOLOGY
PR	467	MARKETING
Health	457	HR
Graphic	446	MARKETING
Social Media	409	MARKETING
Support	397	CLIENT SUCCESS
Accounting	395	ACCOUNTING
Production	388	PRODUCTION
Logistics	383	OPERATIONS
IT	373	TECHNOLOGY
Compliance	345	OVERSIGHT
Corporate	336	BUSINESS
Communication	332	BUSINESS
Food	278	OPERATIONS
Services	268	HR
Engineering	258	TECHNOLOGY
Engineer 0 TECHNOLOGY
Customer Service	252	CLIENT SUCCESS
Software	249	TECHNOLOGY
Human Resources	243	HR
Risk	242	OVERSIGHT
Technology	222	TECHNOLOGY
Recruitment	219	HR
Beverage	211	OPERATIONS
Legal	201	LEGAL
Procurement	195	OPERATIONS
Systems	193	TECHNOLOGY
Network	192	TECHNOLOGY
Audit	188	ACCOUNTING
Community	186	MARKETING
Commercial	185	BUSINESS
Security	175	OPERATIONS
Payroll	168	HR
Purchasing	162	OPERATIONS
Financial Planning	161	ACCOUNTING
Brand	158	MARKETING
Compensation	157	HR
Tax	143	ACCOUNTING
Analytics	143	BUSINESS
Maintenance	139	OPERATIONS
Art	133	PRODUCTION
Advertising	132	MARKETING
Digital Marketing	131	MARKETING
Supply Chain	125	OPERATIONS
Promotions	125	MARKETING
Credit	123	ACCOUNTING
Communicatie	119	BUSINESS
Electrical	118	OPERATIONS
Acquisitions	116	OPERATIONS
Facilities	112	OPERATIONS
Education	105	HR
Distribution	102	OPERATIONS
Investment	101	ACCOUNTING
marketing	99	MARKETING
Banking	99	ACCOUNTING
Strategic	97	BUSINESS
Catering	95	OPERATIONS
Property	92	BUSINESS
Policy	91	BUSINESS
Insurance	90	ACCOUNTING
Mergers	88	ACCOUNTING
Instrumentation	87	PRODUCTION
Outreach	86	SALES
Construction	86	PRODUCTION
SEO	85	MARKETING
Market	85	BUSINESS
Innovation	85	BUSINESS
Recruiting	83	HR
Merchandising	83	MARKETING
Quality Assurance	79	PRODUCTION
Fundraising	74	MARKETING
Inventory	73	OPERATIONS
Membership	72	MARKETING
UX	70	TECHNOLOGY
Science	70	TECHNOLOGY
Leasing	70	OPERATIONS
Graphic Design	70	MARKETING
Special Events	68	MARKETING
Environment	67	OVERSIGHT
Export	66	OPERATIONS
Warehouse	64	OPERATIONS
Visual	64	MARKETING
Operation	64	OPERATIONS
Collections	64	ACCOUNTING
Pricing	63	BUSINESS
Delivery	63	OPERATIONS
Culture	62	HR
Travel	60	OPERATIONS
sales	60	SALES
Sponsorship	54	ACCOUNTING
Manufacturing	53	PRODUCTION
Operating	52	OPERATIONS
Promotion	51	MARKETING
Contract	51	LEGAL
Reservations	50	MARKETING
QA	50	PRODUCTION
Retail	48	MARKETING
Budget	48	ACCOUNTING
Regulatory Affairs	46	OVERSIGHT
Wellness	45	HR
Print	45	MARKETING
Personnel	45	HR
Partnerships	45	BUSINESS
International Sales	45	SALES
Integration	45	TECHNOLOGY
Employment	45	HR
Branding	45	MARKETING
Real Estate	44	OPERATIONS
Logistic	44	OPERATIONS
Client Services	44	CLIENT SUCCESS
Revenue	43	ACCOUNTING
Implementation	43	TECHNOLOGY
Corporate Communications	43	MARKETING
Sourcing	42	OPERATIONS
Strategic Planning	41	BUSINESS
Trading	39	ACCOUNTING
Publicity	39	MARKETING
Import	39	OPERATIONS
Acquisition	39	ACCOUNTING
Graphics	38	MARKETING
Admissions	38	HR
SALES	37	SALES
Community Relations	37	MARKETING
Risk Management	36	OVERSIGHT
Receivable	36	OPERATIONS
Inside Sales	36	SALES
Automation	36	TECHNOLOGY
Accounts Payable	35	ACCOUNTING
Treasury	34	ACCOUNTING
Shipping	34	OPERATIONS
Purchase	34	OPERATIONS
Parts	34	PRODUCTION
Online Marketing	34	MARKETING
HRIS	34	HR
Business Planning	34	BUSINESS
Trade Marketing	32	MARKETING
MARKETING	32	MARKETING
Legal Affairs	32	LEGAL
Staffing	31	HR
Programs	31	BUSINESS
Retention	30	HR
Regional Sales	30	SALES
Grants	30	BUSINESS
New Business	29	SALES
National Sales	29	SALES
Marketing Communications	29	MARKETING
Human Resource	27	HR
Diversity	27	HR
Reservation	26	MARKETING
Investor Relations	26	CLIENT SUCCESS
Hospitality	26	MARKETING
Engagement	26	MARKETING
E-Commerce	26	MARKETING
Business Intelligence	26	BUSINESS
Architecture	26	PRODUCTION
Accounts Receivable	26	ACCOUNTING
Testing	25	TECHNOLOGY
Piping	25	PRODUCTION
Investment Banking	25	ACCOUNTING
Installation	25	PRODUCTION
Hardware	25	PRODUCTION
Environmental Health	25	OVERSIGHT
Digital Media	25	MARKETING
Client Relations	25	CLIENT SUCCESS
Web Design	24	MARKETING
Programming	24	TECHNOLOGY
Media Relations	24	MARKETING
Lighting	24	PRODUCTION
Events Sales	24	MARKETING
Events Sales	24	SALES
Drilling	24	PRODUCTION
Buying	24	OPERATIONS
Account Management	24	CLIENT SUCCESS
IT Support	23	TECHNOLOGY
Financial Reporting	23	ACCOUNTING
communicatie	23	MARKETING
Business Operations	23	BUSINESS
User Experience	22	TECHNOLOGY
Ticketing	22	MARKETING
Photography	22	PRODUCTION
Market Research	22	BUSINESS
Licensing	22	LEGAL
Talent Acquisition	21	HR
Special Projects	21	BUSINESS
Repair	21	PRODUCTION
Quality Control	21	PRODUCTION
Products	21	BUSINESS
Placement	21	HR
Personeel	21	HR
Mortgage	21	ACCOUNTING
Fraud	21	OVERSIGHT
Technical Sales	20	SALES
Reliability	20	PRODUCTION
Mobile	20	TECHNOLOGY
Loan	20	ACCOUNTING
FINANCE	20	ACCOUNTING
Transportation	19	OPERATIONS
Sale	19	SALES
Global Marketing	19	MARKETING
Développement	19	BUSINESS
Applications	19	TECHNOLOGY
Valuation	18	ACCOUNTING
UI/UX	18	TECHNOLOGY
Transport	18	OPERATIONS
Product Marketing	18	MARKETING
Production Planning	18	MARKETING
Multimedia	18	MARKETING
Facility	18	OPERATIONS
Corporate Strategy	18	BUSINESS
Lab	17	TECHNOLOGY
Interaction	17	TECHNOLOGY
Fleet	17	OPERATIONS
Customer Services	17	CLIENT SUCCESS
Customer Care	17	CLIENT SUCCESS
Corporate Sales	17	SALES
BI	17	BUSINESS
Plumbing	16	PRODUCTION
IT Risk	16	OVERSIGHT
International Marketing	16	MARKETING
Ethics	16	HR
Dispute	16	LEGAL
Content Marketing	16	MARKETING
Alliances	16	BUSINESS
Taxation	15	ACCOUNTING
Social Media Marketing	15	MARKETING
Merchandise	15	MARKETING
Media Marketing	15	MARKETING
Information Security	15	OVERSIGHT
Growth	15	BUSINESS
Financial Services	15	ACCOUNTING
Customer Support	15	CLIENT SUCCESS
Corporate Financial Planning	15	ACCOUNTING
Corporate Financial	15	ACCOUNTING
Business Support	15	BUSINESS
Business Affairs	15	BUSINESS
A/R	15	ACCOUNTING
Android	15	TECHNOLOGY
Organisational Development	14	HR
Operational	14	OPERATIONS
Network Support	14	TECHNOLOGY
Labor Relations	14	HR
Kommunikation	14	MARKETING
Equipment	14	PRODUCTION
Electronics	14	PRODUCTION
Dispute Services	14	LEGAL
Capital Markets	14	ACCOUNTING
Campaign	14	MARKETING
Architectural	14	PRODUCTION
Sales Operations	13	SALES
Receiving	13	OPERATIONS
QC	13	PRODUCTION
Marketing Strategy	13	MARKETING
Lettings	13	OPERATIONS
Landscape	13	OPERATIONS
Inventory Control	13	OPERATIONS
Internal Audit	13	ACCOUNTING
Event Planning	13	MARKETING
Welding	12	PRODUCTION
Web Development	12	TECHNOLOGY
web	12	TECHNOLOGY
Sciences	12	TECHNOLOGY
Retail Sales	12	SALES
Residential	12	OPERATIONS
Operations Planning	12	OPERATIONS
New Business Development	12	SALES
Loss Prevention	12	ACCOUNTING
Investigation	12	OVERSIGHT
Internet	12	TECHNOLOGY
Group Sales	12	SALES
Foundation Relations	12	BUSINESS
Event Management	12	MARKETING
Employee Relations	12	HR
Customer Sales	12	SALES
Business Strategy	12	BUSINESS
Benefit	12	HR
Bank	12	ACCOUNTING
Technology Delivery	11	TECHNOLOGY
Sustainability	11	OPERATIONS
Scientific	11	TECHNOLOGY
Rental	11	OPERATIONS
Project Planning	11	BUSINESS
Motion Graphics	11	TECHNOLOGY
Marketing Support	11	MARKETING
iOS	11	TECHNOLOGY
Interactive	11	TECHNOLOGY
ICT	11	TECHNOLOGY
Governance	11	OPERATIONS
Fraud Investigation	11	OVERSIGHT
finance	11	ACCOUNTING
E-commerce	11	MARKETING
Creative Services	11	MARKETING
Corporate Marketing	11	MARKETING
Claims	11	ACCOUNTING
Alumni Relations	11	BUSINESS
Horticulture	0	OPERATIONS
data management	34	TECHNOLOGY
scientist   0   TECHNOLOGY
machine learning    0   TECHNOLOGY
artificial intelligence    0   TECHNOLOGY
information management	31	TECHNOLOGY
application development	24	TECHNOLOGY
technical development	14	TECHNOLOGY
mis	11	TECHNOLOGY
data center	10	TECHNOLOGY
emerging technologies	10	TECHNOLOGY
is infrastructure	9	TECHNOLOGY
remote sensing	8	TECHNOLOGY
cloud infrastructure	8	TECHNOLOGY
infrastructure management	6	TECHNOLOGY
data development	6	TECHNOLOGY
gis technical	5	TECHNOLOGY
clinical informatics	5	TECHNOLOGY
end user computing	5	TECHNOLOGY
infrastructure tech	5	TECHNOLOGY
information technologies	5	TECHNOLOGY
application management	5	TECHNOLOGY
google cloud	4	TECHNOLOGY
informatics	4	TECHNOLOGY
sap application	4	TECHNOLOGY
application infrastructure	4	TECHNOLOGY
info tech	4	TECHNOLOGY
epm infrastructure	4	TECHNOLOGY
medical informatics	3	TECHNOLOGY
f&o and otc clearing	3	TECHNOLOGY
sap technical	3	TECHNOLOGY
sap bpc	3	TECHNOLOGY
information resources	3	TECHNOLOGY
gsm	3	TECHNOLOGY
high tech	3	TECHNOLOGY
technical solution	3	TECHNOLOGY
isv	3	TECHNOLOGY
epm transformation	3	TECHNOLOGY
t&d	3	TECHNOLOGY
information assurance	3	TECHNOLOGY
converged infrastructure	3	TECHNOLOGY
computing	3	TECHNOLOGY
gis and cad	3	TECHNOLOGY
oracle development	3	TECHNOLOGY
client technologies	3	TECHNOLOGY
otc clearing	3	TECHNOLOGY
technologies	3	TECHNOLOGY
is&s	3	TECHNOLOGY
front end development	3	TECHNOLOGY
i.t	3	TECHNOLOGY
cloud solution	3	TECHNOLOGY
cloud transformation	3	TECHNOLOGY
optimisation	2	TECHNOLOGY
crm & data	2	TECHNOLOGY
sap cloud	2	TECHNOLOGY
client computing	2	TECHNOLOGY
e&d	2	TECHNOLOGY
ics	2	TECHNOLOGY
iss	2	TECHNOLOGY
organizational transformation	2	TECHNOLOGY
technical and functional tester	2	TECHNOLOGY
sealing technologies	2	TECHNOLOGY
oracle database	2	TECHNOLOGY
api management	2	TECHNOLOGY
advanced technologies	2	TECHNOLOGY
high performance computing	2	TECHNOLOGY
information technolgy	2	TECHNOLOGY
gis development	2	TECHNOLOGY
infrastructure dba	2	TECHNOLOGY
oracle fusion middleware	2	TECHNOLOGY
desktop infrastructure	2	TECHNOLOGY
front end	2	TECHNOLOGY
database development	2	TECHNOLOGY
customer technologies	2	TECHNOLOGY
crm development	2	TECHNOLOGY
tech ops	2	TECHNOLOGY
business management system	2	TECHNOLOGY
gis system	2	TECHNOLOGY
asic development	2	TECHNOLOGY
cloud	2	TECHNOLOGY
msp business	2	TECHNOLOGY
cloud hosting	2	TECHNOLOGY
oracle hcm	2	TECHNOLOGY
cloud and virtualisation	1	TECHNOLOGY
soi tech	1	TECHNOLOGY
is sap	1	TECHNOLOGY
information infrastructure	1	TECHNOLOGY
technical dept	1	TECHNOLOGY
atm infrastructure	1	TECHNOLOGY
apps dev tech	1	TECHNOLOGY
sap cloud platform	1	TECHNOLOGY
oracle dba	1	TECHNOLOGY
cloud acceleration	1	TECHNOLOGY
cloud go	1	TECHNOLOGY
gis analyst and desktop mapping	1	TECHNOLOGY
ibm server and storage	1	TECHNOLOGY
cloud & devops	1	TECHNOLOGY
geo-informatics	1	TECHNOLOGY
info syst tech	1	TECHNOLOGY
front end developer	1	TECHNOLOGY
infrastructure technical	1	TECHNOLOGY
infrastructure and cloud	1	TECHNOLOGY
is infrastructure	1	TECHNOLOGY
technical & portfolio management	1	TECHNOLOGY
app development	1	TECHNOLOGY
phone and tech team	1	TECHNOLOGY
lte technical solution	1	TECHNOLOGY
adtech	1	TECHNOLOGY
crm team	1	TECHNOLOGY
internal technologies	1	TECHNOLOGY
cloud computing solution	1	TECHNOLOGY
api & int dev	1	TECHNOLOGY
performance and informatics	1	TECHNOLOGY
information technoogy development	1	TECHNOLOGY
cdi and coding	1	TECHNOLOGY
cloud assurance	1	TECHNOLOGY
tablets & computing	1	TECHNOLOGY
application portfolio management	1	TECHNOLOGY
generic backend infrastructure	1	TECHNOLOGY
european is infrastructure	1	TECHNOLOGY
data center technologies	1	TECHNOLOGY
cloud & development platforms	1	TECHNOLOGY
cloud & infrastructure	1	TECHNOLOGY
ecommerce application development	1	TECHNOLOGY
sap co	1	TECHNOLOGY
cloud computing	1	TECHNOLOGY
desktop and infrastructure	1	TECHNOLOGY
hi tech industries	1	TECHNOLOGY
tech.branch	1	TECHNOLOGY
emerging technologies & concepts	1	TECHNOLOGY
desktop management	1	TECHNOLOGY
conferencing & wireless	1	TECHNOLOGY
sw development	1	TECHNOLOGY
sw suport and development	1	TECHNOLOGY
technicien infrastructure	1	TECHNOLOGY
microsoft infrastructure	1	TECHNOLOGY
data center infrastructure	1	TECHNOLOGY
performance optimisation	1	TECHNOLOGY
advanced sensor technologies	1	TECHNOLOGY
telecomms & system admin	1	TECHNOLOGY
information liaison office	1	TECHNOLOGY
info tech	1	TECHNOLOGY
infrastructure & servers	1	TECHNOLOGY
cloud infrastructure & devops	1	TECHNOLOGY
application developement new	1	TECHNOLOGY
cto cloud computing	1	TECHNOLOGY
info tech a	1	TECHNOLOGY
data center & infrastructure	1	TECHNOLOGY
route asset management	1	TECHNOLOGY
application development	1	TECHNOLOGY
tech & ops	1	TECHNOLOGY
application development	1	TECHNOLOGY
wireless and computer tech	1	TECHNOLOGY
technical infrastructure	1	TECHNOLOGY
sql database	1	TECHNOLOGY
connected appliances cloud	1	TECHNOLOGY
technical serivces	1	TECHNOLOGY
sam & infrastructure development	1	TECHNOLOGY
cloud infrastructure development	1	TECHNOLOGY
cloud platforms	1	TECHNOLOGY
infrastructure transformation	1	TECHNOLOGY
database technologies	1	TECHNOLOGY
tech	1	TECHNOLOGY
cloud technologies	1	TECHNOLOGY
cloud and data centre servies	1	TECHNOLOGY
blockchain development	1	TECHNOLOGY
vision technologies	1	TECHNOLOGY
oracle infrastructure	1	TECHNOLOGY
data analysis	6	TECHNOLOGY
analytical development	2	TECHNOLOGY
data and insights	2	TECHNOLOGY
user interface infrastructure	1	TECHNOLOGY
clinical data abstraction	1	TECHNOLOGY
channel development	27	SALES
bd	25	SALES
business developement	21	SALES
demand generation	12	SALES
trade development	11	SALES
channel management	10	SALES
ecommerce channel	9	SALES
business dev	8	SALES
cost management	8	SALES
trade execution	8	SALES
e commerce	8	SALES
international trade	7	SALES
business develoment	6	SALES
commerce	6	SALES
trade	5	SALES
bussiness development	5	SALES
buisness development	5	SALES
costs	5	SALES
business develpment	5	SALES
dealer development	4	SALES
bdm	4	SALES
transaction advisory	4	SALES
trade control	3	SALES
business and development	3	SALES
demand management	3	SALES
business channel	3	SALES
ecommerce development	3	SALES
channel business	3	SALES
global trade	3	SALES
trade management	3	SALES
transaction management	3	SALES
business devlopment	3	SALES
s&m	3	SALES
transactions	3	SALES
hotel development	2	SALES
ecommerce development	2	SALES
ecommerce	2	SALES
restaurant development	2   BUSINESS
trade desk	2	SALES
value chain	2	SALES
business develop	2	SALES
dealing	2	SALES
online trade	2	SALES
collins learning	2	SALES
ship management	2	SALES
future business	2	SALES
commerce & industry	2	SALES
trrading	2	SALES
business devolopment	2	SALES
foreign trade	2	SALES
channel enablement	2	SALES
global ecommerce	2	SALES
trades	2	SALES
impact investing	2	SALES
inkoop & logistiek	2	SALES
business deveopment	2	SALES
ecommerce content	2	SALES
client & broker management	2	SALES
businss development	2	SALES
trade completion	2	SALES
business develpoment	2	SALES
commerical development	1	SALES
business deveolment	1	SALES
corpororate development	1	SALES
demand & generation forecasting	1	SALES
demand forecasting	1	SALES
selling effectiveness	1	SALES
ecommerce county	1	SALES
emerging channels	1	SALES
federal business developement	1	SALES
ecommerce activation	1	SALES
pos and shopper activation	1	SALES
fixed income and foreign exchange dealing	1	SALES
futures deliveries	1	SALES
ecommerce & b2b	1	SALES
channels development	1	SALES
business developmnent	1	SALES
fixed income p&l	1	SALES
futures desk	1	SALES
ecommerce monetization	1	SALES
business management & controlling	1	SALES
general business & channels	1	SALES
buisiness development	1	SALES
order management sec	1	SALES
channel management	1	SALES
foundry and patternshop business	1	SALES
small business management	1	SALES
business reporting development	1	SALES
seller enablement	1	SALES
business devolopment dak	1	SALES
fx coverage	1	SALES
trades development	1	SALES
business voice & content development	1	SALES
mining bussiness development	1	SALES
affiliate development	1	SALES
global foreign exchange	1	SALES
content and demand generation	1	SALES
business performance development	1	SALES
consumer payments & commerce	1	SALES
fixed income & derivatives	1	SALES
demand managment & acceptance	1	SALES
fxlm business management	1	SALES
options &otc clearing	1	SALES
e-business & development	1	SALES
energy broking division	1	SALES
ecommerce development	1	SALES
e - commerce & development	1	SALES
busuiness development	1	SALES
business & development	1	SALES
business data monetisation	1	SALES
business and management	1	SALES
trade infrastructure	1	SALES
busniess development	1	SALES
standard xchange	1	SALES
ebusiness enagement	1	SALES
business delevopment	1	SALES
fx autohedging	1	SALES
sme demand generation	1	SALES
trade business	1	SALES
business relationship & development	1	SALES
buiness development	1	SALES
exchange traded funds	1	SALES
channel accounts	1	SALES
global business develpoment	1	SALES
channel transformation	1	SALES
trade and industry development	1	SALES
business develeoment	1	SALES
structured transactions	1	SALES
business dev	1	SALES
business boating development	1	SALES
branch development	1	SALES
lending and relationship	1	SALES
distributor development	1	SALES
bridal boutique	1	SALES
business developmemt	1	SALES
business and trade development	1	SALES
multi-channel	1	SALES
customs & international trade	1	SALES
channel mgt coordinators	1	SALES
exchange traded options middle office	1	SALES
onecall ecommerce	1	SALES
pharmacy business	1	SALES
demand generation apps	1	SALES
category & channel	1	SALES
commission management	1	SALES
trade & channel	1	SALES
algo treading	1	SALES
business developpement	1	SALES
buisness development	1	SALES
business developent	1	SALES
ecommerce acquiring	1	SALES
ecommerce and change management	1	SALES
business administration and development	1	SALES
channel & csp	1	SALES
trade lane	1	SALES
shop trade	1	SALES
fixed income strategies	1	SALES
ecommerce	1	SALES
grain brokerage desk	1	SALES
businesss development	1	SALES
business development	1	SALES
order handling	1	SALES
business-agent development	1	SALES
business â€šÃ„Ã¬ development	1	SALES
business control and development	1	SALES
business control development	1	SALES
commerical lines	1	SALES
mass merchant channel	1	SALES
dealership	1	SALES
stock control management	1	SALES
new channels & cross sell	1	SALES
fulfillment closing	1	SALES
businees development	1	SALES
ecommerce customer business	1	SALES
multi-channel excellence	1	SALES
multi-channel fulfilment	1	SALES
donated ecommerce	1	SALES
new busines development	1	SALES
business developpment	1	SALES
shopping centre portfolio	1	SALES
business and economic development	1	SALES
multi-channel management	1	SALES
bds development	1	SALES
global business & channel development	1	SALES
vertical application management & ecommerce	1	SALES
business develpment	1	SALES
business dvelopment	1	SALES
income otc clearing	1	SALES
commerical lending	1	SALES
freelance buisness development	1	SALES
international trade and development	1	SALES
business image & development	1	SALES
busoness development	1	SALES
online & channel development	1	SALES
ecommerce affiliate channel	1	SALES
fixed income & foreign exchange	1	SALES
consumer channels development	1	SALES
ecommerce & omnichannel	1	SALES
auctions	1	SALES
personal lines direct channel	1	SALES
ecommerce & cx	1	SALES
ecommerce france	1	SALES
fixed income dealing	1	SALES
ecomms channel	1	SALES
fixed income,currency	1	SALES
direct ecommerce	1	SALES
channel - distributive and vending	1	SALES
development and business	1	SALES
e-channel development	1	SALES
business trade	1	SALES
solution owner ecommerce	1	SALES
business centre development	1	SALES
commerce	1	SALES
business devlelopment	1	SALES
glasgow business centre	1	SALES
technical trade	1	SALES
multi channel homebase	1	SALES
channel solution	1	SALES
automotive & consumer lending	1	SALES
i business & client development	1	SALES
business & client development	1	SALES
channel & segment development	1	SALES
business area development	1	SALES
fixed income futures execution desk	1	SALES
business movers channel	1	SALES
multichannel category development	1	SALES
to-pay	1	SALES
business developmment	1	SALES
direct channel	1	SALES
channel develop	1	SALES
business develovpment	1	SALES
supplier management	8	PRODUCTION
supply management	7	PRODUCTION
scm	7	PRODUCTION
restaurants	3	PRODUCTION
supply and development	2	PRODUCTION
global supply management	2	PRODUCTION
stock management	2	PRODUCTION
supply development	2	PRODUCTION
general supply	1	PRODUCTION
erp,scm	1	PRODUCTION
global supply	1	PRODUCTION
supply and demand	1	PRODUCTION
clinical development	19	PRODUCTION
natural resources	18	PRODUCTION
building surveying	9	PRODUCTION
energy & infrastructure	8	PRODUCTION
energy & natural resources	8	PRODUCTION
e&p	6	PRODUCTION
materials management	6	PRODUCTION
packaging development	6	PRODUCTION
water resources	5	PRODUCTION
industrial relations	5	PRODUCTION
industry	4	PRODUCTION
rural development	4	PRODUCTION
power and gas origination	3	PRODUCTION
specification development	3	PRODUCTION
renewable energy	3	PRODUCTION
industrial development	3	PRODUCTION
housing development	3	PRODUCTION
energy and resources	3	PRODUCTION
tools and infrastructure	3	PRODUCTION
e&p	3	PRODUCTION
energy and natural resources	3	PRODUCTION
cmc development	3	PRODUCTION
global vendor management	3	PRODUCTION
vendor development	3	PRODUCTION
fragrance development	2	PRODUCTION
power and renewables	2	PRODUCTION
creative industries	2	PRODUCTION
drug development	2	PRODUCTION
building surveyors	2	PRODUCTION
renewable energy and climate change	2	PRODUCTION
drug discovery and development	1	PRODUCTION
tower development	1	PRODUCTION
device development	1	PRODUCTION
cables & infrastructure	1	PRODUCTION
building materials	1	PRODUCTION
water and envioronment	1	PRODUCTION
building structures	1	PRODUCTION
gis and ais	1	PRODUCTION
specialty coatings and materials	1	PRODUCTION
rail and infrastructure	1	PRODUCTION
industrial and technical	1	PRODUCTION
fermentation development	1	PRODUCTION
industrial and heavy machinery	1	PRODUCTION
infrastructure sector	1	PRODUCTION
platform and infrastructure	1	PRODUCTION
civil & infrastructure	1	PRODUCTION
perfume development	1	PRODUCTION
manfacturing business	1	PRODUCTION
cider development	1	PRODUCTION
buildings & urban development	1	PRODUCTION
infrastructure & urban development	1	PRODUCTION
hydro development	1	PRODUCTION
drug development	1	PRODUCTION
technical develpoment	1	PRODUCTION
ingredient development	1	PRODUCTION
shift packaging	1	PRODUCTION
transformation and development	1	PRODUCTION
clinical development	1	PRODUCTION
drug discovery	1	PRODUCTION
metallurgy	1	PRODUCTION
land,new homes and development	1	PRODUCTION
urban development	1	PRODUCTION
building development	1	PRODUCTION
supplier development	12	PRODUCTION
supplier relations	11	PRODUCTION
supplier development	12	PRODUCTION
supplier relationship	4	PRODUCTION
board	138	OVERSIGHT
advisory board	44	OVERSIGHT
management board	40	OVERSIGHT
executive board	28	OVERSIGHT
board	22	OVERSIGHT
trustees	20	OVERSIGHT
supervisory board	18	OVERSIGHT
regulatory reporting	11	OVERSIGHT
controlling	7	OVERSIGHT
board of governors	7	OVERSIGHT
board of trustees	6	OVERSIGHT
the board	6	OVERSIGHT
regulatory relations	5	OVERSIGHT
management team	4	OVERSIGHT
the management board	4	OVERSIGHT
managing board	4	OVERSIGHT
board of management	4	OVERSIGHT
advisory council	4	OVERSIGHT
regulatory	3	OVERSIGHT
group executive board	3	OVERSIGHT
group management board	3	OVERSIGHT
trustee board	3	OVERSIGHT
executive relations	2	OVERSIGHT
reporting & controlling	2	OVERSIGHT
founding board member & business group	2	OVERSIGHT
supervisory board	2	OVERSIGHT
supervising	2	OVERSIGHT
supervision	2	OVERSIGHT
graduate communicators advisory board	2	OVERSIGHT
giac advisory board	2	OVERSIGHT
and board	2	OVERSIGHT
internal control	2	OVERSIGHT
industry advisory board	2	OVERSIGHT
global advisory board	2	OVERSIGHT
main board	2	OVERSIGHT
faculty board	2	OVERSIGHT
board relations	2	OVERSIGHT
external advisory board	2	OVERSIGHT
technical advisory board	2	OVERSIGHT
board of advisors	2	OVERSIGHT
the board	1	OVERSIGHT
sec and statutory reporting	1	OVERSIGHT
comparisons,member of the executive board	1	OVERSIGHT
trusts	1	OVERSIGHT
ski patrol	1	OVERSIGHT
executive board & head of people development	1	OVERSIGHT
cto board	1	OVERSIGHT
board chair and governor	1	OVERSIGHT
academic board	1	OVERSIGHT
trustee & ned	1	OVERSIGHT
executive management	1	OVERSIGHT
teamleider cio office	1	OVERSIGHT
development,member of the management board	1	OVERSIGHT
chairman's office	1	OVERSIGHT
supervision and controls	1	OVERSIGHT
general board	1	OVERSIGHT
supervisory board hbo	1	OVERSIGHT
business board	1	OVERSIGHT
advisory board uf alumni	1	OVERSIGHT
women's advisory board	1	OVERSIGHT
advisory alumni board	1	OVERSIGHT
trustee & fiduciary	1	OVERSIGHT
supervisiory board	1	OVERSIGHT
statutory board	1	OVERSIGHT
trust in business: member of the board	1	OVERSIGHT
municipal board	1	OVERSIGHT
student advisory board	1	OVERSIGHT
national advisory board	1	OVERSIGHT
industry and parliament trust,management board	1	OVERSIGHT
advisory board member faculty of economics and business administration	1	OVERSIGHT
authorisation and supervision	1	OVERSIGHT
broadcast advisory board	1	OVERSIGHT
womens advisory board	1	OVERSIGHT
swiss management board	1	OVERSIGHT
board / delegate	1	OVERSIGHT
supervisory board knmvd	1	OVERSIGHT
learning & development advisory board	1	OVERSIGHT
board member & safe chairman	1	OVERSIGHT
trustee & safeguarding	1	OVERSIGHT
council and of the executive board	1	OVERSIGHT
change,member of the board	1	OVERSIGHT
management office	1	OVERSIGHT
examination board	1	OVERSIGHT
advisory board member of alumni association	1	OVERSIGHT
founding board	1	OVERSIGHT
global control room and surveillance	1	OVERSIGHT
advisory boards	1	OVERSIGHT
board / verwaltungsrat	1	OVERSIGHT
pole supervision et	1	OVERSIGHT
economic development advisory board	1	OVERSIGHT
study board	1	OVERSIGHT
authorisation and supervision team	1	OVERSIGHT
portfolio surveillance	1	OVERSIGHT
executive management board	1	OVERSIGHT
board and cco	1	OVERSIGHT
m&a and divisional board	1	OVERSIGHT
india advisory board	1	OVERSIGHT
sid advisory board	1	OVERSIGHT
advisory board group	1	OVERSIGHT
field advisory board	1	OVERSIGHT
development board	1	OVERSIGHT
regulatory control group	1	OVERSIGHT
certification review board	1	OVERSIGHT
advisory board member - faculty of business and management	1	OVERSIGHT
medical & dental advisory board	1	OVERSIGHT
imcd's supervisory board	1	OVERSIGHT
advisory board cdc funds	1	OVERSIGHT
supervisory board	1	OVERSIGHT
council board	1	OVERSIGHT
school advisory board	1	OVERSIGHT
european advisory board	1	OVERSIGHT
board of trustees	1	OVERSIGHT
computing industry advisory board	1	OVERSIGHT
learning and development advisory board	1	OVERSIGHT
management board	1	OVERSIGHT
creative development board	1	OVERSIGHT
board of advisors	1	OVERSIGHT
board and the assembly	1	OVERSIGHT
ba international business advisory board	1	OVERSIGHT
advisory board efr business week	1	OVERSIGHT
Management Board Germany	1	OVERSIGHT
oversight board member & qualifications board	1	OVERSIGHT
sab board	1	OVERSIGHT
board and executive	1	OVERSIGHT
foundation board	1	OVERSIGHT
advisory board alternatives	1	OVERSIGHT
international board	1	OVERSIGHT
medical advisory board	1	OVERSIGHT
course supervision	1	OVERSIGHT
management board	1	OVERSIGHT
alumni advisory board	1	OVERSIGHT
supervisory board member / pension fund trustee	1	OVERSIGHT
management board dach	1	OVERSIGHT
extended executive board	1	OVERSIGHT
board at medborgarskolan	1	OVERSIGHT
the board - bestyrelsesformand	1	OVERSIGHT
afm board	1	OVERSIGHT
tty advisory board	1	OVERSIGHT
board of regents	1	OVERSIGHT
uk executive board	1	OVERSIGHT
culinary advisory board	1	OVERSIGHT
student steering board	1	OVERSIGHT
acvisory board	1	OVERSIGHT
executive board	1	OVERSIGHT
small brokers advisory board	1	OVERSIGHT
clarion finland advisory board	1	OVERSIGHT
london advisory board	1	OVERSIGHT
founding and supervisory board	1	OVERSIGHT
supervising studio	1	OVERSIGHT
mosaic national board	1	OVERSIGHT
board responsible for academic affairs	1	OVERSIGHT
advising board	1	OVERSIGHT
asnet board	1	OVERSIGHT
board,mandolinen	1	OVERSIGHT
logististics	1	OPERATIONS
nursing	37	OPERATIONS
leadership development	30	OPERATIONS
middle office	16	OPERATIONS
management development	12	OPERATIONS
field development	10	OPERATIONS
knowledge management	10	OPERATIONS
case management	8	OPERATIONS
workforce development	8	OPERATIONS
sustainable development	6	OPERATIONS
player development	4	OPERATIONS
medical management	3	OPERATIONS
centre of excellence	3	OPERATIONS
leadership & management	3	OPERATIONS
competence development	3	OPERATIONS
leadership and development	2	OPERATIONS
ops	2	OPERATIONS
performance and development	2	OPERATIONS
advisory and asset management	2	OPERATIONS
performance management	2	OPERATIONS
talent management and development	2	OPERATIONS
learning and organizational development	2	OPERATIONS
erm	2	OPERATIONS
learning and performance	2	OPERATIONS
content & knowledge management	1	OPERATIONS
& management team	1	OPERATIONS
group performance management	1	OPERATIONS
employee performance management	1	OPERATIONS
performance measurement	1	OPERATIONS
pmo management	1	OPERATIONS
supply performance	1	OPERATIONS
care management	1	OPERATIONS
engine development	1	OPERATIONS
optimization and management	1	OPERATIONS
supplier relationship & transformation	1	OPERATIONS
change management & deliery	1	OPERATIONS
change management and business transformation	1	OPERATIONS
social & impact investing	1	OPERATIONS
assignment management	1	OPERATIONS
efficiency management	1	OPERATIONS
cricket performance and athletic development	1	OPERATIONS
effectiveness & performance mgmt	1	OPERATIONS
leadership learning	1	OPERATIONS
management reporting & analysis (fp&a	1	OPERATIONS
regulatory change mgmt	1	OPERATIONS
business leadership	1	OPERATIONS
management information system dept	1	OPERATIONS
change mangement	1	OPERATIONS
development dba	1	OPERATIONS
sapient management consulting	1	OPERATIONS
competency development	1	OPERATIONS
execution and middle office	1	OPERATIONS
central business office	1	OPERATIONS
advanced tendering	1	OPERATIONS
capture management	1	OPERATIONS
divisional management	1	OPERATIONS
management & computing	1	OPERATIONS
front and middle office	1	OPERATIONS
plarform management	1	OPERATIONS
execution desk	1	OPERATIONS
performance manangement office	1	OPERATIONS
clinical trial management	1	OPERATIONS
global management reporting	1	OPERATIONS
storm water management	1	OPERATIONS
leadership and management development	1	OPERATIONS
clinical & medical development	1	OPERATIONS
store management	1	OPERATIONS
ops development	1	OPERATIONS
vendor management office	1	OPERATIONS
dmz infrastructure management	1	OPERATIONS
asset performance optimisation	1	OPERATIONS
international business management	1	OPERATIONS
organisational develeopment	1	OPERATIONS
football administration	1	OPERATIONS
business control	1	OPERATIONS
workforce management	1	OPERATIONS
performance reporting and analysis	1	OPERATIONS
control management	1	OPERATIONS
front office dealer	1	OPERATIONS
people performance and development	1	OPERATIONS
trade management	1	OPERATIONS
group management team	1	OPERATIONS
regulatory management	1	OPERATIONS
business control & performance management	1	OPERATIONS
leadership management	1	OPERATIONS
database management system	1	OPERATIONS
lme back office	1	OPERATIONS
organization and managementdevelopment	1	OPERATIONS
pest management centre	1	OPERATIONS
performance & effectiveness	1	OPERATIONS
mnaintenace workshop	1	OPERATIONS
business excellence & performance management	1	OPERATIONS
regulatory management	1	OPERATIONS
customs duties	1	OPERATIONS
document management	1	OPERATIONS
origination and regional management	1	OPERATIONS
office functions	1	OPERATIONS
management developments	1	OPERATIONS
disaster management	1	OPERATIONS
opperations	1	OPERATIONS
business control center	1	OPERATIONS
data and crm	2	OPERATIONS
supplier management		OPERATIONS
supply management		OPERATIONS
scm		OPERATIONS
restaurants		OPERATIONS
supply and development		OPERATIONS
global supply management		OPERATIONS
stock management		OPERATIONS
supply development		OPERATIONS
general supply		OPERATIONS
erp,scm		OPERATIONS
global supply		OPERATIONS
supply and demand		OPERATIONS
sls & mkting	1	MARKETING
ecommerce content	1	MARKETING
new channels	1	MARKETING
ecommerce content	1	MARKETING
content development	21	MARKETING
paid search	18	MARKETING
publishing	11	MARKETING
content management	10	MARKETING
publisher development	6	MARKETING
marcom	5	MARKETING
content publishing	5	MARKETING
publications	4	MARKETING
social	4	MARKETING
m&s	4	MARKETING
creative content	4	MARKETING
technical publications	3	MARKETING
search engine optimization	3	MARKETING
customer knowledge	3	MARKETING
data and insight	3	MARKETING
marcomms	3	MARKETING
direct mail	3	MARKETING
content relations	3	MARKETING
event development	2	MARKETING
surveying	2	MARKETING
event coordination	2	MARKETING
ad ops	2	MARKETING
meeting and event	2	MARKETING
channels & content	2	MARKETING
global content	2	MARKETING
insight development	2	MARKETING
ecommerce content	2	MARKETING
custom content	2	MARKETING
organic performance	2	MARKETING
creative and content	2	MARKETING
development & marekting	1	MARKETING
business analysis,content management system	1	MARKETING
creative & content	1	MARKETING
trends	1	MARKETING
traffic & resource	1	MARKETING
ppc	1	MARKETING
launch management	1	MARKETING
customer targeting	1	MARKETING
paid ads	1	MARKETING
social & content	1	MARKETING
content and publishing	1	MARKETING
content creation	1	MARKETING
matketing	1	MARKETING
content developpment	1	MARKETING
data conversions & content	1	MARKETING
customer board	1	MARKETING
event and publishing	1	MARKETING
conference & event	1	MARKETING
meeting & event	1	MARKETING
customer offers and targeting	1	MARKETING
online publishing	1	MARKETING
surveying/estimating	1	MARKETING
content development	1	MARKETING
content and publications	1	MARKETING
business acceleration	1	MARKETING
board category development	1	MARKETING
social publishing	1	MARKETING
data management platform	1	MARKETING
google adwords agency development	1	MARKETING
marcom & leadgen	1	MARKETING
marcom e-business	1	MARKETING
im content management	1	MARKETING
marrketing	1	MARKETING
maketing	1	MARKETING
business and commerical	1	MARKETING
immigration	8	LEGAL
advocacy	6	LEGAL
family law	5	LEGAL
deal advisory	5	LEGAL
lease administration	4	LEGAL
clinical negligence	4	LEGAL
legislative affairs	3	LEGAL
patent and trade mark	3	LEGAL
statutory reporting	3	LEGAL
government and legislative affairs	2	LEGAL
foreign rights	2	LEGAL
bonding	2	LEGAL
anti money laundering	2	LEGAL
settlements	2	LEGAL
medicines optimisation	2	LEGAL
client advocacy	2	LEGAL
business law	2	LEGAL
license management	2	LEGAL
resource law	1	LEGAL
regulatory and technical	1	LEGAL
school of law and criminology	1	LEGAL
human rights & international justice	1	LEGAL
appeals board	1	LEGAL
global patents	1	LEGAL
regulatory and local affairs	1	LEGAL
law enforcement advisory	1	LEGAL
human rights defenders	1	LEGAL
supervisory patent	1	LEGAL
business and law advisory board	1	LEGAL
small law firms & academic	1	LEGAL
vendor and license management	1	LEGAL
economic sanctions advisory	1	LEGAL
business & law	1	LEGAL
racial justice	1	LEGAL
licenses & concepts	1	LEGAL
criminal justice	1	LEGAL
advocaat	1	LEGAL
collateral and close	1	LEGAL
studies in law	1	LEGAL
licencing	1	LEGAL
public relations and legislative affairs	1	LEGAL
anti-bribery & corruption and whistleblowing	1	LEGAL
warranty administrations	1	LEGAL
vetting & tmsa	1	LEGAL
judicial appointments	1	LEGAL
immigration in london	1	LEGAL
justice and immigration,centre of excellence	1	LEGAL
regulatory law	1	LEGAL
leases and license	1	LEGAL
lawyer development	1	LEGAL
regulation and external affairs	1	LEGAL
infor license management	1	LEGAL
warranty management	1	LEGAL
sports law	1	LEGAL
divorce and family law team	1	LEGAL
settlements division	1	LEGAL
municipal courts administration	1	LEGAL
collateral management & custody	1	LEGAL
iso standards	1	LEGAL
animal law development	1	LEGAL
family and child law	1	LEGAL
regulatory and legislative affairs	1	LEGAL
learning & development	78	HR
learning and development	53	HR
talent management	51	HR
talent development	34	HR
people development	23	HR
talent	21	HR
l&d	19	HR
ehs	17	HR
hse	16	HR
human	15	HR
h&s	14	HR
talent & development	13	HR
staff development	12	HR
organizational development	11	HR
organisation development	11	HR
workforce management	11	HR
front desk	10	HR
advancement	10	HR
people and development	9	HR
career development	8	HR
people & development	8	HR
talent attraction	8	HR
teaching and learning	7	HR
learning and development	7	HR
human resouces	7	HR
talent and development	7	HR
employee development	7	HR
hseq	6	HR
people & organisation	6	HR
talent & learning	6	HR
e-learning	5	HR
global talent management	5	HR
organization development	5	HR
elearning	5	HR
enrollment management	5	HR
group development	5	HR
academic development	5	HR
teaching	5	HR
admission	5	HR
pensions	4	HR
organizational change management	4	HR
enrollment	4	HR
sanctions	4	HR
organisational change	4	HR
human factors	4	HR
careers	4	HR
people & learning	4	HR
learning and teaching	4	HR
people & performance	4	HR
talent and learning	4	HR
organizational effectiveness	4	HR
agency relations	3	HR
human resources	3	HR
workforce and od	3	HR
carrier management	3	HR
people and talent	3	HR
skills and learning	3	HR
people and change	3	HR
talent & organization development	3	HR
people and organisation development	3	HR
medicare administration	3	HR
business admin	3	HR
learning platforms	3	HR
human development	3	HR
pension administration	3	HR
learning and development	3	HR
restructuring	3	HR
hsse	3	HR
workforce transformation	3	HR
hs&e	3	HR
talent & organization	3	HR
hsbc	3	HR
eh&s	3	HR
life & pensions	3	HR
people management	3	HR
origination and structuring	3	HR
stakeholder relations	3	HR
performance and reward	2	HR
group consolidation	2	HR
learning & leadership development	2	HR
learning & talent development	2	HR
structuring & origination	2	HR
learning and leadership development	2	HR
leadership & talent development	2	HR
leisure	2	HR
staff pensions	2	HR
learning and skills	2	HR
knowledge & information	2	HR
talent management & organizational development	2	HR
learning and talent development	2	HR
h r	2	HR
human rights	2	HR
pension management	2	HR
talent development & organizational effectiveness	2	HR
organisational change management	2	HR
trustee pensions	2	HR
learning & organisation development	2	HR
od & learning	2	HR
human relations	2	HR
human resourse	2	HR
organizational change	2	HR
home affairs	2	HR
people and organisation	2	HR
talent & organisation development	2	HR
organisation & people development	2	HR
people and performance	2	HR
group retirement plans	2	HR
pensions actuary	2	HR
talent & performance management	2	HR
learning and career development	2	HR
team development	2	HR
talent search	2	HR
people & organisation development	2	HR
talent & leadership	2	HR
talent & leadership development	2	HR
retirement plans	2	HR
career and executive coach	1	HR
de recursos humanos e log	1	HR
uk learning & development	1	HR
office relationships	1	HR
staff learning & development	1	HR
learning & talent	1	HR
human resoures transformation	1	HR
development & learning	1	HR
workforce experience business transformation	1	HR
organisational effectiveness and learning	1	HR
european learning & development	1	HR
organizational readiness	1	HR
hsse incident management system	1	HR
people and transformation	1	HR
developmental & performance coach	1	HR
organisation development and coaching	1	HR
learning,leadership,& development	1	HR
leadership & management development	1	HR
leadership & organisation development	1	HR
talent and leadership development	1	HR
enrollment/dean of admission	1	HR
learning,development and talent management	1	HR
learning & development and knowledge management	1	HR
workbased learning	1	HR
recruting	1	HR
turnaround & restructuring	1	HR
headofhumanresources	1	HR
workday organisation management	1	HR
learning,development	1	HR
cranfield talent development	1	HR
learning and leadership	1	HR
talent business effectiveness	1	HR
erp system	1	HR
life & pension	1	HR
organization effectiveness	1	HR
learning,talent and change	1	HR
talent,organisation & change	1	HR
stress and performance	1	HR
organisational change	1	HR
talent & performance	1	HR
divisional learning & development	1	HR
pension advisory	1	HR
career development	1	HR
global talent & development	1	HR
talent management/od	1	HR
enrollment & advising	1	HR
talent,learning & development	1	HR
organisation development/change management consultancy	1	HR
submissions	1	HR
huma resources & organisation development	1	HR
career & leadership coaching	1	HR
restructuring & insolvency	1	HR
employee excellence	1	HR
knowledge,learning & development	1	HR
learning and behaviour	1	HR
organizational behavior and sociology	1	HR
leadership talent & organisation development	1	HR
transformation and performance management	1	HR
traineeship	1	HR
learning & performance	1	HR
knowledge & learning	1	HR
relationship skills team leader- talent & people development	1	HR
peopleops & talent	1	HR
learning & leadership	1	HR
learning & development and talent	1	HR
performance & talent management	1	HR
hsqe branch	1	HR
skills and assessment	1	HR
global executive talent management	1	HR
talent and retirement administration	1	HR
talent & organisational effectiveness	1	HR
talent & organisational effectiveness	1	HR
employer relations	1	HR
talent managememt	1	HR
talent management and assessment	1	HR
pension board	1	HR
learning & organizational development	1	HR
people and organisational effectiveness	1	HR
pension fund administrative	1	HR
talent attraction & development	1	HR
people & change	1	HR
learning and organization development	1	HR
leadership and career coach	1	HR
learning and organizational effectiveness	1	HR
complex pensions	1	HR
leadership and talent consulting	1	HR
pension admin	1	HR
accounts & huma resources	1	HR
people & workforce	1	HR
talent & organizational effectiveness	1	HR
skills & talent develoment	1	HR
life and pensions	1	HR
enrollment and completion	1	HR
careers and aspirations	1	HR
retirement plan administration	1	HR
talent management & leadership dvlpmt	1	HR
talent management and organizational development	1	HR
leadership,management + talent	1	HR
learning,development & competence	1	HR
traning & delevopment	1	HR
organsational development	1	HR
onboarding & learning	1	HR
talent development & learning	1	HR
people,talent and organisational change	1	HR
employee experience & insights	1	HR
group leadership development	1	HR
leadership learning & talent	1	HR
learning and teaching development	1	HR
careers	1	HR
new talent & technical development	1	HR
leadership learning development	1	HR
student affairs and enrollment management	1	HR
pay and pensions	1	HR
talent & organizational development	1	HR
leadership and learning	1	HR
workforce re skilling	1	HR
talent and organizational learning	1	HR
people & comminications	1	HR
retirement advice	1	HR
talent & succession & development	1	HR
early career development	1	HR
career office	1	HR
responsable recrutement	1	HR
human relations & talent management	1	HR
leadership talent development	1	HR
human ressources	1	HR
organisational learning & development	1	HR
scouting & development	1	HR
leadership relations	1	HR
learning and teaching enhancement	1	HR
change management & talent development	1	HR
global talent	1	HR
leadership & talent	1	HR
leadership and staff development	1	HR
enablement & learning	1	HR
pensions administration	1	HR
personal development	1	HR
organisation & staff development	1	HR
organisation and change	1	HR
talent centre	1	HR
e-learning content & development	1	HR
workforce futures & inclusion	1	HR
leadership and talent	1	HR
himan resources	1	HR
talent attraction and development	1	HR
talent management & leadership development	1	HR
hispanic employee resource group	1	HR
management,leadership & career development	1	HR
responsable du recrutement	1	HR
global talent management & organization development	1	HR
humanr resources	1	HR
leadership development	1	HR
recursos human	1	HR
talent learning & development	1	HR
talent development & inclusion	1	HR
employer engagment	1	HR
human |resources	1	HR
people development	1	HR
humanresources	1	HR
leadership & team coaching	1	HR
organisation & leadership consulting	1	HR
talent and organization consulting	1	HR
talent management and organization alignment	1	HR
talent and rights	1	HR
global alumni and eu employer relations	1	HR
careers information	1	HR
organizational effectiveness and talent development	1	HR
leadership & organizational development	1	HR
human rescources	1	HR
conversion & enrolment	1	HR
global talent management and learning	1	HR
speaker and leadership development	1	HR
staf development	1	HR
talent managment	1	HR
hiring staff	1	HR
talent identification	1	HR
humen resources	1	HR
career managment	1	HR
learning & development advocate	1	HR
talent alliance	1	HR
learning and developmewnt	1	HR
learning and development	1	HR
accelerated development	1	HR
iberia & talent management	1	HR
career coaching	1	HR
learning and organisation development	1	HR
talent and organization development	1	HR
organisaional development	1	HR
curriculum and careers	1	HR
talent development	1	HR
talent management and organisation development	1	HR
talent acquistion	1	HR
human reasources	1	HR
human resorces	1	HR
talent acquistion and leadership development	1	HR
enrollment & external relations	1	HR
global learning and leadership development	1	HR
talent resource	1	HR
executive & organisational dvlpmt	1	HR
human resoucers	1	HR
devlelopment and talent management	1	HR
early talent development	1	HR
human reosurces	1	HR
mrl learnign & development	1	HR
organizational development and learning	1	HR
human & information resources	1	HR
talent intelligence	1	HR
career development and coaching studies	1	HR
career readiness	1	HR
creative & talent management	1	HR
workplace pensions	1	HR
workforce & transformation	1	HR
crm,ecommerce	1	CLIENT SUCCESS
key account and e commerce	1	CLIENT SUCCESS
ecommerce account	1	CLIENT SUCCESS
medium & large customers	1	CLIENT SUCCESS
crm & ecommerce	1	CLIENT SUCCESS
customer success	110	CLIENT SUCCESS
client development	53	CLIENT SUCCESS
customer experience	46	CLIENT SUCCESS
customer relations	35	CLIENT SUCCESS
customer development	32	CLIENT SUCCESS
client management	25	CLIENT SUCCESS
front office	23	CLIENT SUCCESS
client success	22	CLIENT SUCCESS
customer relationship	16	CLIENT SUCCESS
crm	12	CLIENT SUCCESS
audience development	11	CLIENT SUCCESS
customer business	11	CLIENT SUCCESS
customer insight	10	CLIENT SUCCESS
customer insights	10	CLIENT SUCCESS
business relations	10	CLIENT SUCCESS
customer management	10	CLIENT SUCCESS
client experience	9	CLIENT SUCCESS
client advocate	8	CLIENT SUCCESS
client onboarding	7	CLIENT SUCCESS
client insights	7	CLIENT SUCCESS
customer advocacy	7	CLIENT SUCCESS
carrier relations	7	CLIENT SUCCESS
member relations	7	CLIENT SUCCESS
social care	6	CLIENT SUCCESS
customer	6	CLIENT SUCCESS
customer intelligence	6	CLIENT SUCCESS
consumer	5	CLIENT SUCCESS
social impact	5	CLIENT SUCCESS
loyalty	5	CLIENT SUCCESS
help desk	5	CLIENT SUCCESS
business insights	5	CLIENT SUCCESS
client reporting	5	CLIENT SUCCESS
client advisory	5	CLIENT SUCCESS
client leadership	5	CLIENT SUCCESS
patient advocacy	5	CLIENT SUCCESS
customer experience management	5	CLIENT SUCCESS
guest relations	5	CLIENT SUCCESS
circulation	5	CLIENT SUCCESS
client consulting	4	CLIENT SUCCESS
customer resolution	4	CLIENT SUCCESS
customer loyalty	4	CLIENT SUCCESS
client coverage	4	CLIENT SUCCESS
consumer insights	4	CLIENT SUCCESS
customer excellence	4	CLIENT SUCCESS
customer satisfaction	4	CLIENT SUCCESS
origination & client coverage	4	CLIENT SUCCESS
dealer relations	4	CLIENT SUCCESS
consumer relations	4	CLIENT SUCCESS
client care	4	CLIENT SUCCESS
customer activation	3	CLIENT SUCCESS
personal lines	3	CLIENT SUCCESS
technical relationship	3	CLIENT SUCCESS
client satisfaction	3	CLIENT SUCCESS
client performance	3	CLIENT SUCCESS
patient relations	3	CLIENT SUCCESS
influencer relations	3	CLIENT SUCCESS
client success team	3	CLIENT SUCCESS
call center	3	CLIENT SUCCESS
complaints	3	CLIENT SUCCESS
customer assistance	3	CLIENT SUCCESS
crm & loyalty	3	CLIENT SUCCESS
client solution	3	CLIENT SUCCESS
customer relations	3	CLIENT SUCCESS
crm and loyalty	3	CLIENT SUCCESS
customer relationship management	3	CLIENT SUCCESS
cloud customer success	3	CLIENT SUCCESS
customer value management	3	CLIENT SUCCESS
client servicing	3	CLIENT SUCCESS
patient care	3	CLIENT SUCCESS
customer accounts	3	CLIENT SUCCESS
consumer insight	3	CLIENT SUCCESS
customer happiness	3	CLIENT SUCCESS
order management	3	CLIENT SUCCESS
customer business management	2	CLIENT SUCCESS
customer contact center	2	CLIENT SUCCESS
customer administration	2	CLIENT SUCCESS
customer analysis	2	CLIENT SUCCESS
customer management & insights	2	CLIENT SUCCESS
customer success management	2	CLIENT SUCCESS
customer insight and experience	2	CLIENT SUCCESS
consumer affairs	2	CLIENT SUCCESS
customer advocate	2	CLIENT SUCCESS
client portfolio	2	CLIENT SUCCESS
contact centres	2	CLIENT SUCCESS
customer success advocate	2	CLIENT SUCCESS
customer success group	2	CLIENT SUCCESS
business clients	2	CLIENT SUCCESS
helpdesk	2	CLIENT SUCCESS
customer development	2	CLIENT SUCCESS
broker relations	2	CLIENT SUCCESS
customer success team	2	CLIENT SUCCESS
data centre	2	CLIENT SUCCESS
customer sevice	2	CLIENT SUCCESS
customer category development	2	CLIENT SUCCESS
customer escalation	2	CLIENT SUCCESS
client accounts	2	CLIENT SUCCESS
supplier performance	2	CLIENT SUCCESS
customer relationships	2	CLIENT SUCCESS
crm management	2	CLIENT SUCCESS
customer fulfilment	2	CLIENT SUCCESS
crm lifecycle	2	CLIENT SUCCESS
relations and development	2	CLIENT SUCCESS
customer fulfillment	2	CLIENT SUCCESS
relationship managers	2	CLIENT SUCCESS
customer solution	2	CLIENT SUCCESS
buyer development	2	CLIENT SUCCESS
client due diligence	2	CLIENT SUCCESS
contact centre	2	CLIENT SUCCESS
customer team	2	CLIENT SUCCESS
customer data	2	CLIENT SUCCESS
cyber assurance	2	CLIENT SUCCESS
global customer success	2	CLIENT SUCCESS
group device vendor management	1	CLIENT SUCCESS
customer success & consulting	1	CLIENT SUCCESS
connection center	1	CLIENT SUCCESS
information servic	1	CLIENT SUCCESS
complex complaints	1	CLIENT SUCCESS
vendor correspondence	1	CLIENT SUCCESS
wealth management relationship	1	CLIENT SUCCESS
customer experience international	1	CLIENT SUCCESS
customer and shopper development	1	CLIENT SUCCESS
vendor relations and performance	1	CLIENT SUCCESS
customer successs	1	CLIENT SUCCESS
customer experience & satisfaction	1	CLIENT SUCCESS
crm and customer insight	1	CLIENT SUCCESS
insight and crm	1	CLIENT SUCCESS
people insight	1	CLIENT SUCCESS
relations managment	1	CLIENT SUCCESS
call centre operative	1	CLIENT SUCCESS
client change management	1	CLIENT SUCCESS
customer contact centre	1	CLIENT SUCCESS
advisory team	1	CLIENT SUCCESS
business customer development	1	CLIENT SUCCESS
sap customer competence centre s&d	1	CLIENT SUCCESS
control room	1	CLIENT SUCCESS
consumer and shopper insights	1	CLIENT SUCCESS
contact center coach	1	CLIENT SUCCESS
customer trust & confidence	1	CLIENT SUCCESS
group crm	1	CLIENT SUCCESS
technical analysis and crm	1	CLIENT SUCCESS
client feedback	1	CLIENT SUCCESS
connected call center	1	CLIENT SUCCESS
client management relations	1	CLIENT SUCCESS
deployment & customer success	1	CLIENT SUCCESS
customer management sweden	1	CLIENT SUCCESS
contact center & telephony	1	CLIENT SUCCESS
customer developement	1	CLIENT SUCCESS
client development	1	CLIENT SUCCESS
customer intelligence & crm	1	CLIENT SUCCESS
channel relationship	1	CLIENT SUCCESS
consumer sensory insights	1	CLIENT SUCCESS
customer contact experience	1	CLIENT SUCCESS
clients and relations	1	CLIENT SUCCESS
vendor relations management	1	CLIENT SUCCESS
customer relations & nbg	1	CLIENT SUCCESS
consumer database	1	CLIENT SUCCESS
global customer experience & insights	1	CLIENT SUCCESS
international customer success	1	CLIENT SUCCESS
inflight customer experience	1	CLIENT SUCCESS
customer experience and stakeholder	1	CLIENT SUCCESS
sector client coverage	1	CLIENT SUCCESS
customer relation	1	CLIENT SUCCESS
crm asr	1	CLIENT SUCCESS
crm & content	1	CLIENT SUCCESS
customer insight & business analysis	1	CLIENT SUCCESS
client and affiliate	1	CLIENT SUCCESS
customer love	1	CLIENT SUCCESS
crm business	1	CLIENT SUCCESS
client flow management	1	CLIENT SUCCESS
customer experience & regulatory change	1	CLIENT SUCCESS
customer reference	1	CLIENT SUCCESS
people customer contact	1	CLIENT SUCCESS
direct client business management	1	CLIENT SUCCESS
client administration	1	CLIENT SUCCESS
client experience and workplace performance	1	CLIENT SUCCESS
customer success consulting	1	CLIENT SUCCESS
customer teams	1	CLIENT SUCCESS
subscriptions and data	1	CLIENT SUCCESS
ebusiness business	1	CLIENT SUCCESS
crm loyalty	1	CLIENT SUCCESS
crm & data insight	1	CLIENT SUCCESS
customer journey management	1	CLIENT SUCCESS
global channel optimisation	1	CLIENT SUCCESS
client relation	1	CLIENT SUCCESS
guest experience	1	CLIENT SUCCESS
customer data platform	1	CLIENT SUCCESS
client change	1	CLIENT SUCCESS
insight & knowledge	1	CLIENT SUCCESS
customer conversions	1	CLIENT SUCCESS
client facing	1	CLIENT SUCCESS
customer success exec	1	CLIENT SUCCESS
user advocacy	1	CLIENT SUCCESS
feedback & referrals team	1	CLIENT SUCCESS
front office business	1	CLIENT SUCCESS
customer liasion	1	CLIENT SUCCESS
customer relations and reporting	1	CLIENT SUCCESS
customer incentives	1	CLIENT SUCCESS
call center management	1	CLIENT SUCCESS
customer account	1	CLIENT SUCCESS
crm and content	1	CLIENT SUCCESS
customer outcomes	1	CLIENT SUCCESS
crm group	1	CLIENT SUCCESS
customer acq and development	1	CLIENT SUCCESS
client resources	1	CLIENT SUCCESS
international customer relations	1	CLIENT SUCCESS
crm performance	1	CLIENT SUCCESS
customer response	1	CLIENT SUCCESS
emerging consumers	1	CLIENT SUCCESS
customer relationship brussels	1	CLIENT SUCCESS
dealer and customer relations	1	CLIENT SUCCESS
customer complaints	1	CLIENT SUCCESS
client insight & development	1	CLIENT SUCCESS
customer and trade showroom	1	CLIENT SUCCESS
customer & employee insight	1	CLIENT SUCCESS
customer experience office	1	CLIENT SUCCESS
americas customer success	1	CLIENT SUCCESS
gaming crm	1	CLIENT SUCCESS
customer development	1	CLIENT SUCCESS
customer contact	1	CLIENT SUCCESS
channel customer advocate	1	CLIENT SUCCESS
consumer board	1	CLIENT SUCCESS
client experience & success	1	CLIENT SUCCESS
vendor and customer relations	1	CLIENT SUCCESS
social care & inclusion	1	CLIENT SUCCESS
call centre agent	1	CLIENT SUCCESS
volvo trucks customer center	1	CLIENT SUCCESS
client intake	1	CLIENT SUCCESS
client data	1	CLIENT SUCCESS
consumer and data insights	1	CLIENT SUCCESS
customer success/success	1	CLIENT SUCCESS
resident relations	1	CLIENT SUCCESS
client sevices	1	CLIENT SUCCESS
client servies	1	CLIENT SUCCESS
consumer iot	1	CLIENT SUCCESS
customer resource centers	1	CLIENT SUCCESS
telephonic case management	1	CLIENT SUCCESS
crm consulting	1	CLIENT SUCCESS
customer experience & nps	1	CLIENT SUCCESS
customer enablement	1	CLIENT SUCCESS
client listening	1	CLIENT SUCCESS
contact center	1	CLIENT SUCCESS
customer & cause	1	CLIENT SUCCESS
people customer	1	CLIENT SUCCESS
client & business change	1	CLIENT SUCCESS
customer managment	1	CLIENT SUCCESS
shopper insight	1	CLIENT SUCCESS
client management office	1	CLIENT SUCCESS
customer sucess	1	CLIENT SUCCESS
consumer collection	1	CLIENT SUCCESS
customer experience & relationship management	1	CLIENT SUCCESS
front office relationship	1	CLIENT SUCCESS
client learning	1	CLIENT SUCCESS
consumer publishing	1	CLIENT SUCCESS
customer story telling	1	CLIENT SUCCESS
customer content	1	CLIENT SUCCESS
client success & enablement	1	CLIENT SUCCESS
sc customer management	1	CLIENT SUCCESS
customer baggage	1	CLIENT SUCCESS
customer serivce rep	1	CLIENT SUCCESS
client account leadership	1	CLIENT SUCCESS
customer touchpoint development	1	CLIENT SUCCESS
customer references	1	CLIENT SUCCESS
loyalty & crm	1	CLIENT SUCCESS
client and portfolio data	1	CLIENT SUCCESS
customer insight and data	1	CLIENT SUCCESS
business administration & customer relationship	1	CLIENT SUCCESS
customer success at oracle	1	CLIENT SUCCESS
account development	1	CLIENT SUCCESS
client,franchise and customer relations	1	CLIENT SUCCESS
client advice	1	CLIENT SUCCESS
customer success & enablement	1	CLIENT SUCCESS
client managment	1	CLIENT SUCCESS
global customer experience measurement	1	CLIENT SUCCESS
info serv dept	1	CLIENT SUCCESS
customer experience and channels	1	CLIENT SUCCESS
hcm customer success	1	CLIENT SUCCESS
existing customer management	1	CLIENT SUCCESS
vendor relations rep	1	CLIENT SUCCESS
customer experience & channels	1	CLIENT SUCCESS
lift customer success	1	CLIENT SUCCESS
user insights & business activation	1	CLIENT SUCCESS
customer success	1	CLIENT SUCCESS
client activation	1	CLIENT SUCCESS
customer value	1	CLIENT SUCCESS
audience insights	1	CLIENT SUCCESS
crm and consumer intelligence	1	CLIENT SUCCESS
cmu crm	1	CLIENT SUCCESS
customer experience infrastructure	1	CLIENT SUCCESS
customer experience analysis	1	CLIENT SUCCESS
cmi industry	1	CLIENT SUCCESS
key client management	1	CLIENT SUCCESS
customer dev	1	CLIENT SUCCESS
patient feedback	1	CLIENT SUCCESS
customer records	1	CLIENT SUCCESS
business consulting client development	1	CLIENT SUCCESS
customer servicing	1	CLIENT SUCCESS
client sectors	1	CLIENT SUCCESS
client realtions	1	CLIENT SUCCESS
influence & advocacy	1	CLIENT SUCCESS
customer escalations	1	CLIENT SUCCESS
patient advocacy & relations	1	CLIENT SUCCESS
customer happiness content	1	CLIENT SUCCESS
accounts and consulting	1	CLIENT SUCCESS
client developement	1	CLIENT SUCCESS
customer experience system	1	CLIENT SUCCESS
complaint management	1	CLIENT SUCCESS
customer center	1	CLIENT SUCCESS
customer advocacy	1	CLIENT SUCCESS
subscriptions	1	CLIENT SUCCESS
customer demand	1	CLIENT SUCCESS
closing & accounts	1	CLIENT SUCCESS
customer warranty	1	CLIENT SUCCESS
client strategies	1	CLIENT SUCCESS
cloud native customer success	1	CLIENT SUCCESS
customer storytelling	1	CLIENT SUCCESS
customers insights	1	CLIENT SUCCESS
customer voice	1	CLIENT SUCCESS
acloud customer success	1	CLIENT SUCCESS
recipient experience	1	CLIENT SUCCESS
customer experience (technical success	1	CLIENT SUCCESS
consumer and business contact center / front office	1	CLIENT SUCCESS
commerical relationship	1	CLIENT SUCCESS
technical assistance center	1	CLIENT SUCCESS
pmo,customer due diligence	1	CLIENT SUCCESS
customer change	1	CLIENT SUCCESS
customer results team	1	CLIENT SUCCESS
relationship advocate	1	CLIENT SUCCESS
worldwide customer success	1	CLIENT SUCCESS
employee experience team	1	CLIENT SUCCESS
customer loyalty & segmentation	1	CLIENT SUCCESS
consumer activation	1	CLIENT SUCCESS
customer complaints and materio-vigilance	1	CLIENT SUCCESS
automotive customer success	1	CLIENT SUCCESS
customer servies/crm	1	CLIENT SUCCESS
customer enquiries	1	CLIENT SUCCESS
customer adoption	1	CLIENT SUCCESS
client and agency development	1	CLIENT SUCCESS
crm & database	1	CLIENT SUCCESS
customer relations and informatics	1	CLIENT SUCCESS
clients and resources	1	CLIENT SUCCESS
selling suport	1	CLIENT SUCCESS
consumer behaviour & psychology	1	CLIENT SUCCESS
ww customer success	1	CLIENT SUCCESS
client resource management	1	CLIENT SUCCESS
customer responsible	1	CLIENT SUCCESS
oem customer success	1	CLIENT SUCCESS
client data management and client onboading	1	CLIENT SUCCESS
business & consumer insights	1	CLIENT SUCCESS
customer relations,publishing	1	CLIENT SUCCESS
customer category	1	CLIENT SUCCESS
national customer contact centre	1	CLIENT SUCCESS
database & customer relationship	1	CLIENT SUCCESS
public affairs & advocacy	1	CLIENT SUCCESS
performance & insight	1	BUSINESS
business and solution development	1	BUSINESS
ecommerce business analysis	1	BUSINESS
business model development	1	BUSINESS
ecommerce insights and optimisation	1	BUSINESS
uk commerce	1	BUSINESS
ecommerce business	1	BUSINESS
business performance and development	1	BUSINESS
business optimization	2	BUSINESS
structuring and optimisation	1	BUSINESS
supplier relationship	4	BUSINESS
business relationship	1	BUSINESS
business management	41	BUSINESS
business relationship	40	BUSINESS
business transformation	34	BUSINESS
business analysis	33	BUSINESS
change management	32	BUSINESS
business control	31	BUSINESS
business change	28	BUSINESS
economic development	28	BUSINESS
business information	20	BUSINESS
vendor relations	19	BUSINESS
vendor management	17	BUSINESS
business performance	16	BUSINESS
agency development	14	BUSINESS
business consulting	13	BUSINESS
business controls	10	BUSINESS
business excellence	10	BUSINESS
business assurance	9	BUSINESS
resource management	9	BUSINESS
business office	8	BUSINESS
agribusiness	8	BUSINESS
business solution	8	BUSINESS
business advisory	8	BUSINESS
land development	7	BUSINESS
franchise development	7	BUSINESS
business center	7	BUSINESS
alliance management	7	BUSINESS
busines development	6	BUSINESS
e-business	6	BUSINESS
business lending	6	BUSINESS
business readiness	5	BUSINESS
store development	5	BUSINESS
change & transformation	5	BUSINESS
business controlling	5	BUSINESS
new ventures	4	BUSINESS
solution development	4	BUSINESS
business system	4	BUSINESS
ebusiness	4	BUSINESS
e-business	4	BUSINESS
emerging business	4	BUSINESS
business relationship management	3	BUSINESS
intelligence	3	BUSINESS
business expansion	3	BUSINESS
business generation	3	BUSINESS
sector development	3	BUSINESS
ecommerce business	3	BUSINESS
economic analysis	3	BUSINESS
forecasting	3	BUSINESS
business origination	3	BUSINESS
small business relationship	3	BUSINESS
international business	3	BUSINESS
business reporting	3	BUSINESS
social business	3	BUSINESS
business requirements	3	BUSINESS
business enablement	3	BUSINESS
insight	3	BUSINESS
business relationships	3	BUSINESS
business consultancy	3	BUSINESS
business performance management	2	BUSINESS
automotive business	2	BUSINESS
business field	2	BUSINESS
franchise management	2	BUSINESS
automotive division	2	BUSINESS
change and development	2	BUSINESS
small business lending	2	BUSINESS
business change management	2	BUSINESS
business ops	2	BUSINESS
small business	2	BUSINESS
resource optimisation	2	BUSINESS
business controls assurance	2	BUSINESS
alliance and venture management	2	BUSINESS
business restructuring	2	BUSINESS
group business controlling	2	BUSINESS
business resource	2	BUSINESS
business interface	2	BUSINESS
business centres	2	BUSINESS
cost analysis	2	BUSINESS
asset and development	2	BUSINESS
industry development	2	BUSINESS
business insight	2	BUSINESS
business infrastructure	2	BUSINESS
business information management	2	BUSINESS
business & administration	2	BUSINESS
business modelling	2	BUSINESS
business analysts	2	BUSINESS
business channel development	2	BUSINESS
company development	2	BUSINESS
technical business analysis	1	BUSINESS
parnership development	1	BUSINESS
confirmations & margining	1	BUSINESS
e-business requirements	1	BUSINESS
requirements and rules management	1	BUSINESS
business management and pmo	1	BUSINESS
business line infrastructure	1	BUSINESS
bu demand forecasting	1	BUSINESS
govt and consumer channels	1	BUSINESS
industrialisation	1	BUSINESS
vetting management	1	BUSINESS
direct business team	1	BUSINESS
bpo future	1	BUSINESS
business insights and analysis	1	BUSINESS
business office	1	BUSINESS
business performance & reporting	1	BUSINESS
business performance and change	1	BUSINESS
planing & reporting	1	BUSINESS
business advisory & funding	1	BUSINESS
economic regeneration	1	BUSINESS
change enablement	1	BUSINESS
channel and oem enablement	1	BUSINESS
business vw	1	BUSINESS
erp solution	1	BUSINESS
business reporing	1	BUSINESS
business analysis ael	1	BUSINESS
loss management	1	BUSINESS
trusts and statutory fundraiser	1	BUSINESS
content curation	1	BUSINESS
sme development	1	BUSINESS
busines management	1	BUSINESS
office management	1	BUSINESS
disruptive business venturing	1	BUSINESS
business dynamics	1	BUSINESS
business and system	1	BUSINESS
housing and economic development	1	BUSINESS
business & data	1	BUSINESS
business major incident	1	BUSINESS
new venture development	1	BUSINESS
business management division	1	BUSINESS
business analysis and control	1	BUSINESS
business & fiscal affairs	1	BUSINESS
business industry	1	BUSINESS
business control business	1	BUSINESS
busines controls	1	BUSINESS
busines intelligence	1	BUSINESS
business management & analysis	1	BUSINESS
diagnostics & business insights	1	BUSINESS
business requirement	1	BUSINESS
business efficiency	1	BUSINESS
business centre	1	BUSINESS
business analysis and portfolio management	1	BUSINESS
e-business and sap mdm	1	BUSINESS
alliance & channel	1	BUSINESS
business systemen	1	BUSINESS
business & records	1	BUSINESS
data management and reporting	1	BUSINESS
industry portfolio development	1	BUSINESS
lifecycle and business components	1	BUSINESS
business line managment	1	BUSINESS
change and business alignment	1	BUSINESS
franchise development and expansion	1	BUSINESS
business control function	1	BUSINESS
business & performance management	1	BUSINESS
business relationship management cbs & gs	1	BUSINESS
european affiliates	1	BUSINESS
emerging business models	1	BUSINESS
business managament	1	BUSINESS
business management group	1	BUSINESS
business controlling dgf	1	BUSINESS
franck brunet - e-business & economic intelligence	1	BUSINESS
business assurance	1	BUSINESS
advisory businesses	1	BUSINESS
consulting and business transformation	1	BUSINESS
emerging businesses	1	BUSINESS
business affiliates	1	BUSINESS
content monetisation	1	BUSINESS
business assurance	1	BUSINESS
business management firm	1	BUSINESS
bullion settlements	1	BUSINESS
small business consulting	1	BUSINESS
business assets	1	BUSINESS
business change & transformation	1	BUSINESS
sector equine & e-business	1	BUSINESS
business system solution	1	BUSINESS
customer adoption business	1	BUSINESS
branch and business center	1	BUSINESS
sustainable business	1	BUSINESS
e-business system	1	BUSINESS
indenpent business	1	BUSINESS
business and administration	1	BUSINESS
small business owner	1	BUSINESS
new model launch	1	BUSINESS
information business solution	1	BUSINESS
business case assurance	1	BUSINESS
business reporting	1	BUSINESS
ebusiness and portals	1	BUSINESS
business transformation team	1	BUSINESS
business lines	1	BUSINESS
alliance development	1	BUSINESS
e-business	1	BUSINESS
business management international clients	1	BUSINESS
business performance management transformation	1	BUSINESS
supplier relations	11	BUSINESS
portfolio management	105	ACCOUNTING
wealth management	100	ACCOUNTING
asset management	72	ACCOUNTING
fp&a	40	ACCOUNTING
origination	33	ACCOUNTING
fixed income	24	ACCOUNTING
account development	19	ACCOUNTING
cash management	19	ACCOUNTING
broking	16	ACCOUNTING
consumer lending	14	ACCOUNTING
national accounts	13	ACCOUNTING
portfolio development	13	ACCOUNTING
lending	10	ACCOUNTING
sec reporting	9	ACCOUNTING
hcm	8	ACCOUNTING
fund development	7	ACCOUNTING
global accounts	6	ACCOUNTING
portfolio management office	5	ACCOUNTING
cdo	5	ACCOUNTING
mutual funds	5	ACCOUNTING
management accounts	5	ACCOUNTING
ecm	5	ACCOUNTING
asset allocation	5	ACCOUNTING
global portfolio management	5	ACCOUNTING
accounts	5	ACCOUNTING
fund management	5	ACCOUNTING
commissioning	4	ACCOUNTING
vat	4	ACCOUNTING
income generation	4	ACCOUNTING
major accounts	4	ACCOUNTING
asset development	4	ACCOUNTING
specialised commissioning	4	ACCOUNTING
special assets	4	ACCOUNTING
cross asset structuring	3	ACCOUNTING
asset servicing	3	ACCOUNTING
insolvency	3	ACCOUNTING
key accounts	3	ACCOUNTING
portfolio optimisation	3	ACCOUNTING
asset based lending	3	ACCOUNTING
hcm asr	3	ACCOUNTING
accounts & administration	3	ACCOUNTING
portfolio analysis	3	ACCOUNTING
debt advisory	3	ACCOUNTING
real assets	3	ACCOUNTING
fixed income portfolio	3	ACCOUNTING
client asset oversight and control	2	ACCOUNTING
technical analysis	2	ACCOUNTING
consolidation & reporting	2	ACCOUNTING
installment lending	2	ACCOUNTING
portfolio management	2	ACCOUNTING
analysis & reporting	2	ACCOUNTING
client money reporting and control	2	ACCOUNTING
portfolio & asset management	2	ACCOUNTING
asset optimization	2	ACCOUNTING
fiscal affairs	2	ACCOUNTING
client asset management	2	ACCOUNTING
lme warrants	2	ACCOUNTING
asset information	2	ACCOUNTING
pensions advisory	2	ACCOUNTING
finanace	2	ACCOUNTING
fund structuring	2	ACCOUNTING
sba lending	2	ACCOUNTING
cva desk	2	ACCOUNTING
balance sheet management	2	ACCOUNTING
client portfolio management	2	ACCOUNTING
statistics	2	ACCOUNTING
dcm	2	ACCOUNTING
key account relationship	2	ACCOUNTING
key accounts	2	ACCOUNTING
telecom expense management	2	ACCOUNTING
regulatory change	2	ACCOUNTING
global cash management	2	ACCOUNTING
clearing & settlements	2	ACCOUNTING
hfm system	2	ACCOUNTING
international wealth management	2	ACCOUNTING
p&c actuary	2	ACCOUNTING
asset management - asset management	1	ACCOUNTING
lease analysis	1	ACCOUNTING
sba government lending	1	ACCOUNTING
structured interest rates	1	ACCOUNTING
funding and information	1	ACCOUNTING
payment & cash management cso	1	ACCOUNTING
special asset management	1	ACCOUNTING
financiero	1	ACCOUNTING
cost consultancy	1	ACCOUNTING
hedging	1	ACCOUNTING
uk portfolio management	1	ACCOUNTING
portfolio coordination	1	ACCOUNTING
currency management	1	ACCOUNTING
accounts dept	1	ACCOUNTING
asset & portfolio management	1	ACCOUNTING
portfolio management - development	1	ACCOUNTING
accoutning modernization supervisor at	1	ACCOUNTING
portfolio management & funding	1	ACCOUNTING
portfolio reporting	1	ACCOUNTING
trust income fund	1	ACCOUNTING
personal account dealing	1	ACCOUNTING
claim management	1	ACCOUNTING
wealth management key clients	1	ACCOUNTING
account managment	1	ACCOUNTING
commissioning & development	1	ACCOUNTING
direct savings & personal lending	1	ACCOUNTING
asset management segment	1	ACCOUNTING
customer account funding	1	ACCOUNTING
economic advisory	1	ACCOUNTING
funds business management	1	ACCOUNTING
fixed income etf portfolio management	1	ACCOUNTING
accounts & pensions	1	ACCOUNTING
asset management division	1	ACCOUNTING
national account development	1	ACCOUNTING
portfolio management team	1	ACCOUNTING
portfolio management & asset allocation	1	ACCOUNTING
cdo and authorized	1	ACCOUNTING
personal investing	1	ACCOUNTING
debt change	1	ACCOUNTING
wealth management	1	ACCOUNTING
wealth mangement	1	ACCOUNTING
payments development	1	ACCOUNTING
collateral management	1	ACCOUNTING
origination and structured transactions	1	ACCOUNTING
portfolio management	1	ACCOUNTING
external funds	1	ACCOUNTING
personal wealth	1	ACCOUNTING
asset controlling	1	ACCOUNTING
funds development	1	ACCOUNTING
payment & cash management	1	ACCOUNTING
portfolio optimzation	1	ACCOUNTING
assset management	1	ACCOUNTING
f&a management	1	ACCOUNTING
global wealth management	1	ACCOUNTING
hedge fund advisory portfolio	1	ACCOUNTING
special accounts	1	ACCOUNTING
portfolio management fixed income	1	ACCOUNTING
fixed income financing	1	ACCOUNTING
fund administration	1	ACCOUNTING
acoounts payable	1	ACCOUNTING
debt management	1	ACCOUNTING
accounts development	1	ACCOUNTING
internationl cash management	1	ACCOUNTING
accounts & reports	1	ACCOUNTING
financail aid	1	ACCOUNTING
hfm development	1	ACCOUNTING
asset development	1	ACCOUNTING
accts payable supervisor	1	ACCOUNTING
pensions and offshore bond	1	ACCOUNTING
future financing	1	ACCOUNTING
accounts reeivable	1	ACCOUNTING
accounts and business advisory	1	ACCOUNTING
fixed income portfolio controllers	1	ACCOUNTING
branch relationship	1	ACCOUNTING
derivatives overlay management	1	ACCOUNTING
specialised lending	1	ACCOUNTING
flow management	1	ACCOUNTING
investing	1	ACCOUNTING
b&c asset management	1	ACCOUNTING
short rates and cash	1	ACCOUNTING
group cash management	1	ACCOUNTING
actuarial development	1	ACCOUNTING
c.f.o. & treasurer	1	ACCOUNTING
derivatives and hedging advisory	1	ACCOUNTING
fixed income portfolio manager - discretionary portfolio management	1	ACCOUNTING
long term savings transformation	1	ACCOUNTING
structured finanace - metal & mining	1	ACCOUNTING
accounts and administration	1	ACCOUNTING
portfolio management excellence	1	ACCOUNTING
portfolio management asset based lending	1	ACCOUNTING
cost estimating	1	ACCOUNTING
restructuring and debt advisory	1	ACCOUNTING
global account managment	1	ACCOUNTING
retirement funds	1	ACCOUNTING
portfolio performance	1	ACCOUNTING
accountancy	1	ACCOUNTING
asset management	1	ACCOUNTING
lifecycle and asset management	1	ACCOUNTING
business clearing	1	ACCOUNTING
gsam fixed income	1	ACCOUNTING
trial & portfolio management	1	ACCOUNTING
asset and portfolio management	1	ACCOUNTING
asset optimisation	1	ACCOUNTING
fixed income portfolio management	1	ACCOUNTING
pension funds	1	ACCOUNTING
asset & wealth management	1	ACCOUNTING
wealth & asset management advisory	1	ACCOUNTING
local statutory reporting	1	ACCOUNTING
infrastructure and real assets	1	ACCOUNTING
commissioning & qualification	1	ACCOUNTING
mbs and abs	1	ACCOUNTING
assets	1	ACCOUNTING
policies & internal control	1	ACCOUNTING
global accounts development	1	ACCOUNTING
asset & development	1	ACCOUNTING
wealth management lending	1	ACCOUNTING
aml advisory asset and wealth management	1	ACCOUNTING
portfolio hedging	1	ACCOUNTING
asset portfolio	1	ACCOUNTING
tmp portfolio development	1	ACCOUNTING
savings development	1	ACCOUNTING
delegated portfolio management	1	ACCOUNTING
portfolio mgmt	1	ACCOUNTING
us portfolio management	1	ACCOUNTING
portfolio and asset management	1	ACCOUNTING
centralized lending	1	ACCOUNTING
portfolio management center	1	ACCOUNTING
finanial database	1	ACCOUNTING
infrastructure financing	1	ACCOUNTING
development asset management	1	ACCOUNTING
uk acount management	1	ACCOUNTING
sba portfolio management	1	ACCOUNTING
execution,portfolio management	1	ACCOUNTING
foreign cash management	1	ACCOUNTING
global accounts management	1	ACCOUNTING
structuring and portfolio management	1	ACCOUNTING
fha financing	1	ACCOUNTING
money advice	1	ACCOUNTING
asset management dept	1	ACCOUNTING
well fargo virtual channels portfolio management	1	ACCOUNTING
cto portfolio management	1	ACCOUNTING
fixed income asset structuring	1	ACCOUNTING
asset management and development	1	ACCOUNTING
asset management aml/ kyc	1	ACCOUNTING
personal lending	1	ACCOUNTING
pension income	1	ACCOUNTING
centralized portfolio management	1	ACCOUNTING
pension & trustee	1	ACCOUNTING
funds management	1	ACCOUNTING
content editor 0 MARKETING
web content 0 MARKETING 
project manager 0 BUSINESS
project managment 0 BUSINESS
consultant  0 BUSINESS
president  0 OVERSIGHT
account executive   0 CLIENT SUCCESS
accountant  0 ACCOUNTING
business analyst  0 BUSINESS
executive assistant 0 OPERATIONS
nurse 0 PRODUCTION
project coordinator 0 BUSINESS
waitress  0 PRODCUTION
bartender 0 PRODUCTION
barista 0 PRODUCTION
barrister 0 LEGAL
photographer  0 PRODUCTION
photography 0 PRODUCTION
paralegal 0   LEGAL
real estate 0 BUSINESS
personal assistant  0 OPERATIONS
lawyer  0 LEGAL
